{
    "loss": 71.9096450805664,
    "accuracy": 0.4313725531101227
}