{
    "loss": 29.945873260498047,
    "accuracy": 0.4313725531101227
}